queries,interval_width,elapsed_s
43032,3391636627269257254949758061897596973086323633190622657825727532799661183920892552845681947752341801726271410586238696939309337280844764938131545,2.7919158935546875
43038,1017501109045242738157361470008777861288420474056993401947130873664672460437723355681681723448629368283020757942449840044542535530854422711883705,2.7922987937927246
43040,218518080110381762877422077551334607443863164665948678107300715066817381155193170740654144118123447976382377962849551118651857904547370595304706,2.7924251556396484
43041,177552569138744859734601441821120201065003668299405373256278136353537597265677771739808856877887277420048989486913458296678153639101489999995916,2.792491912841797
43051,96118892083241962089404024283658982621705788772902355092302425421157621342060036075562244631073272489740253836071313032677686201807345163301327,2.793259859085083
43056,13919532485897743764204773099894901757979462164730906745342913415145135779735468653388917740805684409733072666177363248304069118910432166968402,2.7935898303985596
43057,13919532485897743764204773099894901757979462164730906745342913415145135779735468653388917740805684409733072666177363248304069118910432166968402,2.7936489582061768
43075,7457533452730559402448005500997525026942642888956839207025758037374988055813962861627376570834577402096282590454669932620588494406062794784382,2.794773817062378
43086,4722619819955814031016494104091908680197920025179881114508256215637305242722999872304426654796160366659363555976180860421007807791642679637826,2.7954509258270264
43109,2970822593873055584057075099223253680429606217508873712529692672064263239550238635483953646022330453623391937713932758869929582994531217636898,2.7969110012054443
43113,1403542426236706047757350536151675529605600815386211342739109203774231422835931386867363699467908248838225635208538394882471194250396013647220,2.7971529960632324
43118,207048912728600874010508638940085671590982020760548150525390890989121649402114773325821938282340454261631249326334754800361675077359603811086,2.7974607944488525
43124,102201809885164894644234761877062255905114004106473778785398352827167565044703143743927489571094042506352343232730661026129874128025401825112,2.7978780269622803
43130,49806914482191080727240874149840741680160699189347198963724847850956458429781509450461532900457580365860970997923647343930156844252315918237,2.7983319759368896
43136,23616626217112473754264422371327543116440051247644883464174455758172902359198548552668808579507797857235056223315970288976314006938752029385,2.798746109008789
43142,10523271373030651203910915523121481116576640726544687538628719019288333632981818054674123362623202227711020143819277685232378678663352094075,2.799149990081787
43147,7184758085905516983533422689743838987498930304458162152729884947914063568529707364846689743811421662880603130189030577817871977196484945758,2.7994918823242188
43163,7184758085905516983533422689743838987498930304458162152729884947914063568529707364846689743811421662880603130189030577817871977196484945758,2.800618886947632
43174,5472770000245220167518424065840788968360245694772479006271082492858353381177670361064582334505204230323999237282552964618652680042256745087,2.8014910221099854
43193,2045016995358299173478027864794671638612767121222035878825125007841585466706816560028149776990004860574785909130765665439943187250278305801,2.8027210235595703
43219,1020371437621403201899293011667012778331814116053834873834208677846917121984282723668358553770826184491914203176608536562251811960011889648,2.8043408393859863
43231,693578290175412156301585178197441356689030014431295569230573396045908607589147509767898097985197403325875379572766538910076872911561453259,2.8050780296325684
43239,362034729322915407312722722060438689259029896671131022744652779686945751768672770433230115812787400356190931619200558526383327401931257073,2.8055779933929443
43240,140483069217717058072536797443988315116078833308466214171525835386298429624336419411351425367718814594905079191588455588295242195181095465,2.8056418895721436
43253,90508670254508343604362650960858990573288362232539168089531435788311985780898365454753344792907609841518310687495967648476174191303069161,2.8065059185028076
43260,45254333919634316372603592188865551726928349287702774341696059680085943800572907944444711582495412043322323362379680926345773726229972391,2.8070008754730225
43286,22627165852824866761145061474076015256042963872087899183448708651402445309111779930604094641468763856533831290070785626114858344469319444,2.80889892578125
43305,9237653304883140859441680877097672387297212107862461362106103109523888349651659629153227187580410266092989438621598126956764607165521597,2.8101820945739746
43315,5178988165801339318590633461246375249951507161594302752690784089412047411804663528702643187771100402256138407635398598850784738088345345,2.810807943344116
43318,2828395660057482640445472914959969368673986376902493187356309868866676022641640965587577465805502484153023770139969795017266120745083085,2.8110060691833496
43322,1336258949189859371433191365077333618388171595687966676314552307383040898615874306370276086356874293099194211772706264766612577750266591,2.8112590312957764
43341,499414444963684123352275871055543534518040004972695035784053522063596138729592484421376669362061415140648996824994873799131746728982825,2.812426805496216
43359,353549456659547332707367888822680748152279595365874994811033017051982334636045490806714319087835422478854075731027611561459231580605290,2.813588857650757
43373,131704463921801211149569134448760783705065305450560806155185132907146096320039229443955658383109719215051142751803971241525746695363120,2.8145759105682373
43376,83516184140068290677429206965207323073426178107493411151078089653970119398164626114083625160351824214124833153028159173469069641348053,2.814851999282837
43398,38673878297718731725325297505784534111279082180496993656450130057496710866597308917857912435045008817500713191868578387881150306666170,2.816382884979248
43423,1542106886279318884643163689260696124330298680028407035557025397903770211077880073684733364131434160672547808492793407392441568728061,2.8181312084198
43447,810779713160477242444569227323552841784317506554639489520858812073685602265090792361835329894351288955081353257247482098266197561467,2.819646120071411
43455,810779713160477242444569227323552841784317506554639489520858812073685602265090792361835329894351288955081353257247482098266197561467,2.8201498985290527
43462,775369284740086125764628294527665664265292826340439690950448592997908684558489287825094270337789774332763993738541664233890233228081,2.820589065551758
43467,152224375113819735535199849849152284988638306397136235456595969414793915424552175248400760386725643913214311506078064035477039498044,2.820905923843384
43470,97541883560862312213610027436363819831129014355047542606658018494616374326102262118965011169935935966956624583605532516476155320482,2.82110595703125
43484,97541883560862312213610027436363819831129014355047542606658018494616374326102262118965011169935935966956624583605532516476155320482,2.821990966796875
43498,97541883560862312213610027436363819831129014355047542606658018494616374326102262118965011169935935966956624583605532516476155320482,2.8229169845581055
43517,86315785278033377236151420030479731168174168075488876537339794126776011515475915259187897833984276075423699596640483935699345881584,2.8242578506469727
43536,35238850335015031719854757376103803491258095722491344263859132888946378515764660261742722075744975931604291275630118282317948477108,2.8257131576538086
43555,21578946319505918827214609337889856916418345793186732984404176302465968614239380378133964138970866454534683451180696402880965696445,2.82690691947937
43559,10194846694466290136304629854002021979553701057481348222264755966649692661175684546279999500676080609227901374629188547209024539030,2.827157974243164
43566,5394736579876439663753487554776050599920492163023171949731853858650246806687219277855826921820737617814608570300229455306704938177,2.8275959491729736
43604,2311495909079788178569171929019546445523044060562174154910052589170846655683319074222457674800477431805196369164990477447908597259,2.829987049102783
43615,1343834746769675683717555456851976045519599308948832353241418650079436886138114375665304435317650597451291666765373438932679705076,2.8307459354400635
43618,674342072484548030826801003042056665999823940309802765384095280167592876861285133108614900512188154904202467634993367644317659289,2.830994129180908
43622,318588959202066594985816464858955048415402355505515602136662809421148046398891372426768019622415313311291383229287346367887347284,2.831357002258301
43636,125603164548815603927721973032136772088477794763525068020048355194192672190509424635383467485725473024366994914880057645408542994,2.832331895828247
43646,40366423884331762446892765365617102480031262540297629897787071022804281969583533098107165791002828377493032718021069718577361476,2.833268880844116
43647,18875247098171078139470933843502313498794392309592906294754047693378456351460875589413573284886094562102389985204955922507088775,2.8333358764648438
43695,18875247098171078139470933843502313498794392309592906294754047693378456351460875589413573284886094562102389985204955922507088775,2.8365280628204346
43698,10536594882571056991578491563918061855543413694677098003573794973130138164084409785796501224099554944197960467452061137632659896,2.8367180824279785
43706,5268297441285528476695163703896662166081797822016656826742788754371545595051079164694537535250549462410328913911734115410085725,2.8372461795806885
43707,2044297248824918132364061531566458168157238556868169427519067106282447791804291675260498079323443230045416753795458823497115232,2.8373091220855713
43716,1203614220508234427931216167056138893870987027931306689287564261496584047911904025175325519184765161598416792599053819264224748,2.837878942489624
43728,315362686596341825246927666605985152674086870772208958396896741767844585106141888418091264015175585366521897207389767239062311,2.8386430740356445
43732,288142847181975520963370316195962197299241303267049888905268500897239380840597689131360504884353920100882069921637718152920637,2.8389148712158203
43743,164634295040172764486500505971277582806134062475810415026441273612621922129414030620812341515015257422009094237141658911706505,2.839750051498413
43758,82317147520086382234592900527894498205081361649365324256214841828683946708169407986906473038847475362908734435727154833953947,2.8408520221710205
43759,31942144512889345739805287873052848297757883349503987875435613027886211214250821846297433455171999877174508475742035922502178,2.840926170349121
43773,4112709356960163335356614231653925737923679823802475222880878310982408200393999080119393935305908381365761556675978377499143,2.8423268795013428
43784,1941122549095884249853089054462513886526618564538201687284382036597731635768207167514894670949070583733233528727954980763733,2.843048095703125
43792,1941122549095884249853089054462513886526618564538201687284382036597731635768207167514894670949070583733233528727954980763733,2.8435750007629395
43794,1039091691290455525408974659426618866406035950817275026041931372821162151811925225185798686114771695675284751812392493368482,2.84370493888855
43822,788833149810764543267650829328791610819506304146876596224560630681339369318028059970768291779852181491606442140775950346016,2.845499038696289
43832,307971373629240063525127192506549939028083312400513149807266641374467751591329979431736883965685632660131408611898313345031,2.8461599349975586
43840,77262974259497279021092475116263744968034265480031438312702267203125777894265416840777779956338449049105084617667571042573,2.846686840057373
43856,77262974259497279021092475116263744968034265480031438312702267203125777894265416840777779956338449049105084617667571042573,2.847784996032715
43866,77002301309742044348537928823897292274982546289919771447489284064594259492408200163836063859746840329490636103340707392769,2.848572015762329
43873,40131115925711377271540252176075234493021090667380027263293607285252094211834499931324618186019817222738296290124471136246,2.8491060733795166
43879,2838842441581082689959377546556177451307052559850893274581294932102720377173501700672064354269844784558553312928272957556,2.8495430946350098
43885,2838842441581082689959377546556177451307052559850893274581294932102720377173501700672064354269844784558553312928272957556,2.850071907043457
43895,1795971617717308393228437349249817758874029258166419256688991411360023589180719069506877182396064269193788955156031231267,2.85073184967041
43896,1125052398334209640717078751914140158935797785913146603094315600213884896028968515490036647151201803353268007172408876198,2.850796937942505
43906,813546057380005414546640991761526490421758622547456206978953674916468893117434650878740794656319889913951757798574897928,2.851477861404419
43919,361888516219620041922778483561271530104995853982398918321126256529570996271352579830551018319013197375792608227732523738,2.8523099422454834
43936,309406248475199311374023438765694913643287254720955613288749882123580571382878873417102760831973400187685829938392571606,2.853415012359619
43970,103433087462309297637585344875991632574999267403941058808935995180082222134440816514116480469495666995984007263767175800,2.855618953704834
43989,18731130994903015806006320745038754045186110098429370872692353219401582739539142087124817596647252421576414377141806931,2.857090950012207
43998,18731130994903015806006320745038754045186110098429370872692353219401582739539142087124817596647252421576414377141806931,2.857806921005249
44010,17968224472542889188667481676116257201705321840941829817917832839247995563429330899596088752088805716860640145335263336,2.858652114868164
44048,9812968673716352251663478026734096388652776636844410757360925964088792350748987444686950262659529198861361826041456262,2.8611249923706055
44070,4906484336858176125831738968414335413197220086678901476242479076311109597955201256294588945346386770064405726801221837,2.8625378608703613
44073,2453242168429088062915869482432744838623046666389632976183948792305903713046563649194137450202327324875902743325173709,2.8627309799194336
44088,1226621084214544031457934739294054013134942948708149499003118533478795162643569860345725270454692397336386497370643349,2.863737106323242
44095,613310542107272015728967369425222309488499684545049956236632004487898147334439660061298793539806793005203337879068302,2.86421799659729
44107,306655271053636007864483684620192071315838337929523587496219307138921865704889256787816853270826148653476081541728065,2.86503005027771
44109,68667748921765725141422969813956351202208746741036543292621104186029806215357368166013050263410455798991461220755219,2.8651628494262695
44112,68667748921765725141422969813956351202208746741036543292621104186029806215357368166013050263410455798991461220755219,2.865355968475342
44113,25523365112482534442888614654336789431372285074893228874984605361958347252781239904734184822776716547502006488543353,2.865419864654541
44122,17514892104492674481125028858658887634238771365800395363806038021874513292378645835527563518178625216792081840513201,2.865999937057495
44126,9054842826175968883578368306732317844165724150909339930633845265026152571527855272225529770069909140397498282944495,2.8663229942321777
44137,4378723026123168620281257214593814166855357675761744620130867896186114058188781796284567904381668824278710586147973,2.8672008514404297
44145,2395744305106531311441278785878082194776102080666734434715197797914512391666667008420224323304368258680063495615396,2.8677637577056885
44160,1197872152553265655720639392937207831696125438007463642430101312962374234677742803076766509410713524430916032210469,2.868738889694214
44168,598936076276632827860319696468357130621352259353098634513443575352312192929479965542467125259161165862556148068280,2.869252920150757
44172,282963838317999027611824009582482140116571229267322041672260288299802934830767577199065336186883398264146390942074,2.8695168495178223
44173,99700644970634900167533650988846934281337539738558191988433486122847216873463939723579065272041270308472757258376,2.8695898056030273
44227,46697294457844140729734696726851039100233498338889704522380404874492180435738173231843916517954211084776739946202,2.873208999633789
44236,36121782251360200359505418982950099645410649226709662375581657506990375682883872153373498319315727702017593226728,2.873900890350342
44247,15792664304864276041209098948079351066928715566997984372750453170157756311147053094700998864233081340723561344610,2.8746700286865234
44253,7207922479619265589563596127563874587580933849026735101631455929421946258993153695844383353022524723727630522201,2.875072956085205
44262,4679188095911193967658747628656057687161471227160757851853729981356071351421368208972105152708220536987838016716,2.8756561279296875
44277,2339594047955596983829373814328021850227113460861545370419481678730741834331946523160325013481959453681278093114,2.876646041870117
44296,955150952227787422036161063208236947785513833923711430727656408191813445018065612307280010538449174420664983753,2.8779070377349854
44335,484056849013487946510039674959420751395906387272740423862418797729112947811716482519360718375825032766034193476,2.8805360794067383
44345,274228782132194107673784180542630427314951549374481583681231640960259543988852885112722441619485448196066242795,2.8813040256500244
44364,101173395166217912449632586652658299069583979912582906824043178236192943494499612661767646772534263314691637081,2.882678985595703
44376,61058699914667512955433222399395320393362001828232924703694224921487204335783293326641485253500977806156417482,2.8834731578826904
44380,22487870085732722886036776246361996510852624611473071357695442803478537712291530965718064830942727986923716271,2.8837389945983887
44382,8185833564015117304494734979625437984730801241410218218758557889966931611617088717902964670160913081108342554,2.8838770389556885
44385,8185833564015117304494734979625437984730801241410218218758557889966931611617088717902964670160913081108342554,2.884075880050659
44411,4569519624913275359041745731109395498951410847729412784039244777169640885266723427255671622937348499978491742,2.8857920169830322
44429,2284759812456637679520872865554697741267231670726158528423048698199285360282327120244686149327837355564112797,2.886988878250122
44436,1142379906228318839760436432777348869864076205153445875561307183866152659303072433713649418040979016939420167,2.8875041007995605
44446,177109141468105728380207331232116862407708975130010886620302859292496098506208189473916285075910912614231502,2.8882620334625244
44462,177109141468105728380207331232116862407708975130010886620302859292496098506208189473916285075910912614231502,2.8893768787384033
44466,62592582072039522504669155440874449028514472554585887529321115094131717538303289279375523367082862202130749,2.8896758556365967
44470,56690220266487020950775170174786093838512390556860870162878879121520840498855524963697161688870800117868868,2.8899989128112793
44473,35699372069634963742513638524292152138287148317221763799280659804020970047505260765496242489220585762428553,2.8902177810668945
44510,17849686034817481871256819262146076068141561645077658943126437730091627757282035385440528968667697100048759,2.8927531242370605
44518,8924843017408740935628409631073038034015983494372571174700432339272752297348019406724275700936326752991651,2.8932788372039795
44555,4462421508704370467814204815536519016945365965090459152568097908891447569524761005943636082244496054076531,2.8957788944244385
44587,1158709082652134283115010145894186359989618264311187791977312900898645211710677429593160866988940917190671,2.898130178451538
44589,878155799606803139834188150908086595263172701083855789876771792178649937407183741011543478618386031925991,2.8982818126678467
44592,557802688588046308476775601942064877114593005911117190524239665540109353637282881888321192276964744801447,2.8984811305999756
44595,278901344294023154238387800971032438557273569077513905782930687155125280363200873478840272336631449021222,2.898676872253418
44614,113862866428826740030784733677891986412119736936878295362867456318436107779087401842838804181778908295578,2.899945020675659
44619,19455921923911484721292906348769371749808918887207826757150502260556663892990270793074330165856014918087,2.900270938873291
44622,4924606628010021695042624019039344738833286855368002050339233408914269311155357631215769676185693720001,2.9004709720611572
44652,4924606628010021695042624019039344738833286855368002050339233408914269311155357631215769676185693720001,2.902536153793335
44654,4348716640117556264894854797158120685834546371915214192008791328148605660053075245103170402369930614629,2.902675151824951
44678,2998763363904845500229427922463134355102754620333036323468618535117605881387094057581529733957559685105,2.904301881790161
44686,240167716697286033280191457767267056803510954602055861381065614531269816210553173728539235350292879619,2.904841899871826
44689,153893957125313177970082000594979523088519891786891644386031625305815200651604586506840952040931784349,2.9050588607788086
44691,16905049388335080664993135855672997343382339531002554069583069108844541559055945737210529171468655692,2.9051949977874756
44701,16905049388335080664993135855672997343382339531002554069583069108844541559055945737210529171468655692,2.9059391021728516
44707,16905049388335080664993135855672997343382339531002554069583069108844541559055945737210529171468655692,2.906355857849121
44724,16905049388335080664993135855672997343382339531002554069583069108844541559055945737210529171468655692,2.9075779914855957
44729,16905049388335080664993135855672997343382339531002554069583069108844541559055945737210529171468655692,2.907921075820923
44740,11981017367166802646967506725071829440718576772514397899687386181426864184163590669871499065165777017,2.9086599349975586
44745,2374990469227476162267200482027511199927449470612412394702965470516950900129840546781161985071431241,2.9089879989624023
44746,2374990469227476162267200482027511199927449470612412394702965470516950900129840546781161985071431241,2.909053087234497
44777,1203924027742305060202283842357117297049552374185113514732544371496728263419444679297787060063773375,2.9111521244049072
44779,407556292708543583997669957528521191948348553974256407503395775270977842326710832234061568087475461,2.9112889766693115
44809,297767596668561447082132924498552750833496454229049561139242581597847323011648733699034268820388659,2.913407802581787
44814,265981048864386705625903893443138540799293816260022431753773270760205659610162918802665471647010369,2.9138150215148926
44815,103210635407926331273626532017259618374520443920358694042749810926682179749972589839389375839390008,2.91388201713562
44818,66495262216096676406475973360784635199823454062832888953733599849705378054731194755915099501143779,2.9140939712524414
44832,24770856521150584242662423052186425751870936596092294635654229033422821353030104384013855194604571,2.9151039123535156
44848,13573511413195936683509914121376512815007835960877313231714305774537170019292290976644819789566979,2.9162018299102783
44863,4789554632359225557963991895737891341006075969283051611271291681556223155407722337120703266036229,2.9172089099884033
44870,1288638606406353416825057729381055558309471721021369482111918866944381114384138047553079846284984,2.91768217086792
44877,1288638606406353416825057729381055558309471721021369482111918866944381114384138047553079846284984,2.918152093887329
44924,1023617160041936229341754090434997338770040035213648182920678942415682471818201253366924578748910,2.921436071395874
44928,475492701098164173447021514071952491608372685802911090576075576363610314474579803077957478189841,2.9217069149017334
44941,193522316571488939395800180095206451186491692142180953026588029195361933175546006810841836986258,2.922640085220337
44942,100791636140553057884400910173105096068867621003914148463385045912270350979358108549680592503524,2.922708034515381
44951,59342762720438020026306403362150949491635877561913339865935011569313536316786082358257591446841,2.923360824584961
45009,32468389753953455276599596367570622656163795926152641173661858308424396764339948714540770563795,2.9272890090942383
45020,14835690680109505006576600840537737372908969390475305205148792517135453958837322705658174855778,2.928074836730957
45027,7389614090383253018734647869314961818158175438433972033316367582580088152421453026605520978306,2.928572177886963
45028,3149738629392283058887528442909534252152113156371524636783576553565675945423947675932286685835,2.9286420345306396
45072,1347786167744751168544679722614146953070057049988225862667544350218601590844426033011683481152,2.931812047958374
45073,787434657348070764721882110727383563038028289092873991123763374628142758507466222404709609401,2.931886911392212
45128,399339023536778377017157322783571814970654710998665219402873445071982567625193647093644286932,2.935652017593384
45137,231807666876711015727759388133402146451702646726171532822724422978879210104403143545025241675,2.936300039291382
45151,126829647476380684674217173310822744750639827836529753349961414264396700935075634626824414261,2.9373669624328613
45157,8957807272981920859897625667216461331613809682017370354102789517066763894846598113247736886,2.937769889831543
45160,8847528953952625998359920390052762627331351647627882519853237164843594032963791393067385681,2.9379749298095703
45176,3727582620313203964954040429961510684866597998525922639256050671546583497147938597855293926,2.9390759468078613
45177,3727582620313203964954040429961510684866597998525922639256050671546583497147938597855293926,2.9391870498657227
45189,3044719242936630414307947977203906214567316468935671158862974902076635941529500376285192063,2.9400410652160645
45224,1981713241818448198034643332981605386728747309945777195393971290347938872194632096006502602,2.9424610137939453
45291,785303193021815854538360023680535645203616812256618145236519240714424502966165560470889504,2.9470901489257812
45300,247195921481167958114318412137784019127724889170783133231263046700696382268274267288601612,2.9477479457855225
45308,177213052160996701396368211612655414974492001030022434557006975393844302104962353904180530,2.9483349323272705
45310,84503645994454208099975264546476391722017412464286526689616452571953098556903304564499613,2.948469877243042
45315,27694589981528091249374427058509659279155520129987861503970636109318655575709656289795598,2.948822021484375
45321,9601105797338138646074069510259148167889354534512899290397343864117991778141104315485792,2.9492268562316895
45334,3694064238113136128635637762249375036140456070039713119121258309290508734512526917637897,2.9501211643218994
45339,2400276449334534661518517377564787041972338633628224822472079295457489405269796842765422,2.9504737854003906
45346,2400276449334534661518517377564787041972338633628224822472079295457489405269796842765422,2.9509530067443848
45360,1683569009171304864350468993319429141166056835339074228553111329017765032680895929703377,2.9519309997558594
45364,914305473086868436925959787143794964692693427627098267291055392592392549770745875685444,2.9522159099578857
45371,483816709428332079598301594966212252619323073717230757509388682674714036971759728438515,2.9526870250701904
45373,108338605147826534591605794791793057902856032180484055531521257801045850213299928075475,2.9528250694274902
45378,94585940303318831511365196791002178563630204087203853580711287980351220912419778659930,2.953176975250244
45388,60477088678541509949787699370776531577415384214653844688662082919938818878834205223607,2.9538869857788086
45389,23467381517531596562918487510901199669779190096046668873612089304200370011482654173992,2.9539549350738525
45399,12619524711676203006010515336977123181262312312693308934902368838785628374493190128507,2.954630136489868
45400,3367097921423724659293212372008290204353263783041514981140050346128476081774046095217,2.9546971321105957
45409,2816120345545480659286843439552561193508033351712096327896630067001857610010231658373,2.955328941345215
45443,1248650583743002542672927104752203669395278893213052660319957496900085481358190062652,2.957726001739502
45483,528941506893974361748670042435365613957103743494952679538917355376649091801910758505,2.960547924041748
45486,30425215572460747750991042083288443163842577849530432103938991597491803964829402075,2.9607908725738525
45493,30425215572460747750991042083288443163842577849530432103938991597491803964829402075,2.9613118171691895
45496,27772654744336038566783371790956785417099282134517449925227430964686512768333074585,2.9615349769592285
45511,20700726156628089361812884791700933644984656310691979471387812604187831268064348538,2.962597131729126
45517,20700726156628089361812884791700933644984656310691979471387812604187831268064348538,2.9630110263824463
45565,14143089092174594303276785568106257822525256387961477659596893445233155584190378888,2.9665470123291016
45566,5729341190803612442118771364966113200629685082042643767971520058054139310630750553,2.9666190147399902
45570,1834682664854287332761904174715510303807332225437782459885754905476628609217100877,2.9669039249420166
45574,1682110188172208812166420196095087347686022793005522191498128018017258094226786352,2.967184066772461
45605,650215785290017381060890472692323636002702959296653147781006763401082724810174137,2.9693679809570312
45608,435974823516306131804447072574517710062357629598187574048178345975567465844196048,2.969604969024658
45659,230701784814992942618513867838960768041287934168448809389724746599947824255724453,2.973073959350586
45662,115350892407496471309256933919480384020643967084224404694862373296050913094044354,2.9732861518859863
45696,57675446203748235654628466959740192010321983542112202347431186638544723794382194,2.9759039878845215
45713,16617105720454028304364196471288773127743518158337229389155073889299779246636696,2.9770750999450684
45722,12543566593313998463380850801761665501937693620764272127634900746206484876227796,2.977720022201538
45726,6812106617442283309444485508976839219724337962471680844502786646432093102756425,2.977997064590454
45730,3008729150694895507338169893497734828296259000943495973325281640254869225227678,2.978276014328003
45749,1802357693867132364207139592491881000322561985691006323357224582338631734380662,2.9795660972595215
45753,851513327180285413680560688622104902465542245308960105562848330799344894804739,2.979835033416748
45755,201796377353047085165243213608475509850040138103969498596151351273016186585626,2.9799787998199463
45763,107889953230664641503799441035500484403758699483501949845820048131079655141479,2.9805328845977783
45767,98577668276924497424485233356031309835807684320400126824114305561723345970798,2.980820894241333
45775,6208189969160096052876138452979449711967343442067882014470495046236852149834,2.9814419746398926
45776,6208189969160096052876138452979449711967343442067882014470495046236852149834,2.9815139770507812
45777,4621714294912889478247502428445530790799384039587416654533722458590488988326,2.9815850257873535
45803,4621714294912889478247502428445530790799384039587416654533722458590488988326,2.9835071563720703
45874,3112195933391721550605688434722069317502089210210952042364077355162909449817,2.989042043685913
45882,1760114935417121449421034758292852539377501939151373362653539631188558982119,2.989794969558716
45893,804244403284883806636571632516654281787683323811417288449092617988618779450,2.9907610416412354
45903,326309137218764985244340069628555152992774016141439251346869111388649236167,2.991457939147949
45904,170747673237431420150958638339224851150205286802132241963491440404203729361,2.9915270805358887
45911,73248465585199897472205611253636937856416425740777288922233034564921531378,2.9920599460601807
45917,55003591731785045294407336196651641855546935598480417582923113474642396831,2.992489814758301
45943,27501795865892522647203668098325820927773467799240208791461556737321196779,2.994439125061035
45965,13750897932946261323601834049162910463886733899620104395730778368660598036,2.995926856994629
45969,6496531121675761517948613652207221240734422647926026196005617758168413693,2.9962100982666016
45972,3437724483236565330900458512290727615971683474905026098932694592165149495,2.996433973312378
45976,1624132780418940379487153413051805310183605661981506549001404439542103418,2.996731996536255
45978,384896044450849695520864894120169658374862934310854909126570417924733383,2.996870994567871
45979,333491549291858242482341090506298537402744700785414535084944219539460340,2.9969398975372314
45986,143063409346093549750401584479759644250813331524955642426236395634612337,2.9974451065063477
46012,88464036560301688009033148567384243018365845082337287975579022636048171,2.9993791580200195
46018,53714445050571333295319664254542618999557554295391032795823353002580459,2.9998230934143066
46051,18923769975372630318769092924553075456139135619644458282884639962992567,3.0023138523101807
46059,4338343154507187771398744936024659660396053720536241818583385489116553,3.002861976623535
46066,3215371168573637053483707935675993096940478667125163967782856468291212,3.003358840942383
46070,2937843450216188950076259176612833435410490164768699610951969193270300,3.0036380290985107
46077,1450123606889902288107981785780498332661026342421364512055814319013675,3.0041141510009766
46091,839288203915177082739369753977228421868086785865484887434739890665319,3.0051000118255615
46109,419644101957588541369684876988614210934043392932742443717369945332658,3.0063600540161133
46135,209822050978794270684842438494307105467021696466371221858684972666329,3.008394956588745
46136,81418835276332578731040305299389291358091967965189095479722709848500,3.008510112762451
46143,34927590172386120544531636835878819397171223516834873639217870027981,3.0091419219970703
46148,7318504419711181358092357440395021914323410183439047387565815345232,3.009493827819824
46152,5827437509523153986916872150378445812864740266379401481524214508717,3.0097780227661133
46153,5088677204770786170690019081211830709880747997824318467482669365531,3.0098490715026855
46188,3278469546543660479450663101473548522922214007287050341541952697910,3.0122580528259277
46201,785002726702548108760670882733396752182734049591104484321986442453,3.013145923614502
46213,473663648842862538433794769255462075298287725450495737180730154360,3.0140068531036377
46228,387175214394599393076577017727230811440221281357679025129540649331,3.015124797821045
46262,118367696825561252210679212254620836313089744878795393687617713559,3.017828941345215
46272,76331094915525989251092965527324630829330809889991640021831182129,3.018519878387451
46309,25197103829038961061740768040352094087103656979456167263993647813,3.0211849212646484
46352,19177882768711313014698247359085609292732780081061882622186073685,3.024374008178711
46413,9682543693399397759343833404945859903282649321475272033834914213,3.028937816619873
46422,6403260833093086873927076370065524458832449232982520198324126362,3.029568910598755
46433,2925824094872528100082751307187770296105312168261361106302838808,3.030333995819092
46436,1600815208273271718481769092516381114708112308245630049581031590,3.0305471420288086
46521,601998481994521313032546119538490090850935866372125121093623347,3.0368759632110596
46530,400203802068317929620442273129095278677028077061407512395257897,3.037503957748413
46538,200101901034158964810221136564547639338514038530703756197628948,3.0380561351776123
46572,100050950517079482405110568282273819669257019265351878098814474,3.0404770374298096
46579,50025475258539741202555284141136909834628509632675939049407236,3.0410819053649902
46587,25012737629269870601277642070568454917314254816337969524703618,3.0417580604553223
46597,3877855749330364605223004622577304487961633130501967149690489,3.04243803024292
46614,3877855749330364605223004622577304487961633130501967149690489,3.0436670780181885
46616,2065719109450464846039935680645392053840530195717903134394743,3.0438098907470703
46622,1563296101829366912579852629410528432332140926021123095293976,3.044229030609131
46678,781648050914683456289926314705264216166070463010561547646987,3.0481231212615967
46685,390824025457341728144963157352632108083035231505280773823493,3.048611879348755
46700,195412012728670864072481578676316054041517615752640386911746,3.049751043319702
46719,79777929935168339443828661705212911895274388397395955114214,3.0512759685516357
46728,44644532697639894105266590991024327027974123661214616490215,3.0519020557403564
46735,22237311022085863970239819991734787080171292350774272737158,3.052393913269043
46774,12107775102350534052910351423020996325088312394302468340551,3.0550801753997803
46777,6106625397770964502265049333634876688797425492270012090991,3.0552899837493896
46789,3053312698885482251132524666817438344398712746135006045495,3.0562081336975098
46796,1526656349442741125566262333408719172199356373067503022747,3.0567409992218018
46801,212996511828130499869944686081581222659541823186418256592,3.0572710037231445
46816,133775307363532072415975438432483963023849756372179835533,3.058366060256958
46818,85784720853191707537117981326802112586534276249116168809,3.0585131645202637
46820,61789427598021525097689252773961187367876536187584335447,3.0586559772491455
46832,35613367582287423339157683043738099188815826519285148113,3.059518814086914
46842,18498467303137424383270483945933869504959777547330432639,3.0602049827575684
46848,11927002730021415043486424479755618532807471664589867364,3.0606229305267334
46877,2090239177555188631499616225507561922247652443315309929,3.0626227855682373
46879,1340386263331120430267468458231283009164598066392440137,3.0627660751342773
46889,522384387839429750313356904161811503568950889258090532,3.063528060913086
46900,303702419294394853553842497945563762457840864235533875,3.064361095428467
46922,256479644574791416863145208865869044963156219513616926,3.0662178993225098
46923,28389714160737954474462069835538681941022380565413169,3.0662989616394043
46924,28389714160737954474462069835538681941022380565413169,3.0663750171661377
46937,28389714160737954474462069835538681941022380565413169,3.067322015762329
46944,11919003496325122516026948905039221820991704956031949,3.0678210258483887
46948,10956135799787233095501671607423232704615366636902146,3.0681040287017822
46951,5823731801768269064202355703005673111722398273725520,3.068315029144287
46963,2911865900884134532101177851502836555861199136862759,3.0691471099853516
46964,1129913319524341857189590827828380594750778520079917,3.069223165512085
46967,727966475221033633025294462875709138965299784215689,3.0694451332092285
46974,363983237610516816512647231437854569482649892107844,3.069967031478882
46976,81504907729431352215249524480759420794955262087864,3.070106029510498
46986,58937696091824568921688337817884675879884832733259,3.0708131790161133
46989,45497904701314602064080903929731821185331236513480,3.071039915084839
46992,22748952350657301032040451964865910592665618256739,3.0712521076202393
46997,3173895356478251514881025047325808147483197200095,3.071608066558838
46998,3173895356478251514881025047325808147483197200095,3.0716798305511475
47012,2683964910622788834210847986441537507113077804784,3.0727009773254395
47055,1264711554492903260739925723119553206329971753978,3.0761802196502686
47095,710904760958040657251264123902059706020800570522,3.078997850418091
47102,355452380479020328625632061951029853010400285260,3.0794920921325684
47110,177726190239510164312816030975514926505200142629,3.080083131790161
47129,72557604594447493076430566093415938571774302905,3.081465005874634
47136,33177988232529663874857780323832438994539350922,3.081954002380371
47145,20301982975815869442734124727860183624204238940,3.0825729370117188
47161,4486885495091268002788108546566425927450272847,3.0837490558624268
47194,4046417563519915929780229717935360335145952763,3.0862581729888916
47200,2776971722492346317387750483992420726643752228,3.0866799354553223
47204,1311964011889053803450408761612656133873530745,3.0869858264923096
47237,694242930623086579346937620998105181660938056,3.0894839763641357
47252,347121465311543289673468810499052590830469027,3.090730905532837
47265,83115396650190172067855407631132947277589376,3.0916430950164795
47266,38864568581309963328957330932979307553746825,3.091733932495117
47269,38864568581309963328957330932979307553746825,3.0920019149780273
47270,14445712716897730337113806777582303812425168,3.0920770168304443
47322,8597219987584734049998826511402477067473038,3.0958330631256104
47335,5423772895492863901147950164047696731726078,3.0967509746551514
47349,2020467259170178689028692633615197745177999,3.097795009613037
47392,209159637898389545357714257701197983755381,3.1013801097869873
47393,209159637898389545357714257701197983755381,3.1014580726623535
47396,168488992819358981979270377608639456302143,3.1016759872436523
47412,161330848917609664888427028011705471087245,3.102829933166504
47430,84746451492075998455436721313245261433219,3.104133129119873
47452,42373225746037999227718360656622630716609,3.1057119369506836
47460,21186612873018999613859180328311315358304,3.1062839031219482
47493,7464111156483328716473996183271279207145,3.108940839767456
47494,4110600710280202682732454660539153682295,3.109060049057007
47517,1870477434299475419678296345601111567090,3.110833168029785
47543,933013894560416089559249522908909900892,3.1127588748931885
47555,634198048821546566071629159264650227060,3.113633871078491
47561,46761935857486885491957408640027789176,3.1140599250793457
47562,46761935857486885491957408640027789176,3.114135980606079
47591,16112490201026172739464664492802314319,3.11625599861145
47598,16112490201026172739464664492802314319,3.1167898178100586
47606,11711177287907702066156949230521225626,3.117417097091675
47637,10345025816903808405204677894683259452,3.1196630001068115
47640,5172512908451904202602338947341629725,3.1198890209198
47648,2586256454225952101301169473670814862,3.12044095993042
47649,1003564626533252608088978188608191816,3.120513916015625
47681,646564113556488025325292368417703714,3.1228199005126953
47689,323282056778244012662646184208851857,3.1233971118927
47702,77407245198441829595580145373132961,3.1244871616363525
47721,70590216014298098913502867497388117,3.125898838043213
47730,12530027711419418487774996726330815,3.1265361309051514
47752,9082810616708301248871900339675650,3.128196954727173
47768,8656151992193404552611725254790649,3.12937593460083
47782,5051282137160062697853846628263309,3.1304008960723877
47785,2525641068580031348926923314131655,3.1306138038635254
47786,980043580598879500086892762312687,3.1306920051574707
47793,420425573739273541639378724432966,3.131213903427124
47809,128622977651596280794889547507959,3.1324009895324707
47819,102240605030474594960996390469670,3.133235216140747
47824,22023323140706398923789784467282,3.133657932281494
47834,22023323140706398923789784467282,3.134420156478882
47836,14494955039326734888182279101757,3.1345770359039307
47842,9865785424140747456745794195826,3.135014057159424
47856,3675208534641894746580315101918,3.1360340118408203
47859,2330516245566112238397253906918,3.1362650394439697
47863,1029328012313981493409432311420,3.136552095413208
47876,616611589008796716046612137238,3.137500047683716
47879,308305794504398358023306068619,3.1377570629119873
47915,82594073603694807565732400950,3.140397071838379
47916,59817113073662078862725388324,3.1404759883880615
47935,38538224313049794752913258576,3.1418211460113525
47947,19269112156524897376456629288,3.1426570415496826
47950,9634556078262448688228314644,3.142876148223877
47969,3933355626582209494249238440,3.1442599296569824
47978,2201145404814329187578319366,3.1449050903320312
47981,1204319509782806086028539329,3.1451261043548584
48030,501589836333999905562354423,3.1486728191375732
48036,225399505482977575789080914,3.1490859985351562
48043,46677990672809699504729347,3.1495819091796875
48054,30666107571505613516542802,3.150386095046997
48061,20033674344748154962604687,3.150880813598633
48062,14603787371499530972345064,3.150953769683838
48065,9408746170178172547097962,3.151163101196289
48080,4704373085089086273548981,3.15221905708313
48095,2352186542544543136774490,3.153282880783081
48096,912736710718720685771566,3.153357982635498
48102,588046635636135784193622,3.1538259983062744
48103,228184177679680171442891,3.1539077758789062
48138,147011658909033946048405,3.1564362049102783
48172,73505829454516973024202,3.1589558124542236
48184,36752914727258486512100,3.1598281860351562
48188,17363699120030643331983,3.1601269245147705
48191,9188228681814621628024,3.160346031188965
48195,4340924780007660832995,3.160627841949463
48213,2297057170453655407005,3.1619648933410645
48216,1148528585226827703503,3.1621809005737305
48232,371949154325100953286,3.163296937942505
48235,287132146306706925874,3.163515090942383
48253,143566073153353462937,3.1649482250213623
48261,71783036576676731468,3.1655280590057373
48310,29897084017634386155,3.169178009033203
48319,10405376973413706480,3.1698291301727295
48328,7870407351097951935,3.170480966567993
48331,4486439786042295715,3.1706972122192383
48339,2243219893021147858,3.171273946762085
48342,1121609946510573928,3.171489953994751
48372,489818019577107485,3.1737167835235596
48382,185260097011159365,3.1744308471679688
48384,80316768282058484,3.1745851039886475
48407,57677807882520376,3.176283121109009
48408,27201673707923908,3.1763601303100586
48421,17525155414227717,3.1773159503936768
48432,8007720334041838,3.1781868934631348
48446,4381288853556928,3.1791739463806152
48464,2190644426778464,3.1804561614990234
48505,1095322213389231,3.1834850311279297
48641,547661106694615,3.1933579444885254
48653,273830553347307,3.1942408084869385
48655,61317477504151,3.1943860054016113
48667,55896345352581,3.1952738761901855
48678,3830328775572,3.196073055267334
48680,3830328775572,3.196229934692383
48685,1708118392066,3.1965978145599365
48686,1708118392066,3.19667911529541
48713,1499924758238,3.1987030506134033
48715,699270699941,3.1988680362701416
48717,298943670792,3.1990208625793457
48742,184015120420,3.2008869647979736
48754,110654175016,3.201827049255371
48759,18654480307,3.2021889686584473
48773,13502229893,3.2032217979431152
48777,2360874434,3.203511953353882
48811,1610938761,3.20603609085083
48821,1610938761,3.20682692527771
48822,1529973924,3.2069079875946045
48831,954594651,3.2075650691986084
48832,405336524,3.2076408863067627
48834,116953806,3.2077999114990234
48855,52743085,3.2093379497528076
48860,45319939,3.2097129821777344
48874,25076587,3.2107439041137695
48876,12859576,3.2108969688415527
48885,3995774,3.2115330696105957
48901,3995774,3.212674856185913
48914,917129,3.213606119155884
48922,185223,3.214200019836426
48926,143059,3.214555025100708
48933,143059,3.2151331901550293
48940,116591,3.2156639099121094
48946,63755,3.2161309719085693
48991,31877,3.21942400932312
49051,15938,3.223823070526123
49052,6184,3.2239131927490234
49071,3984,3.2253270149230957
49079,1991,3.2259180545806885
49091,996,3.226820945739746
49101,154,3.2275519371032715
49107,154,3.227997064590454
49109,33,3.2281460762023926
49146,33,3.2309091091156006
49178,27,3.233443021774292
49180,6,3.233613967895508
49189,3,3.234292984008789
49194,2,3.23466420173645
49196,1,3.2348170280456543
49223,0,3.2368109226226807
