mode,trial,status,correct,queries,step2a,seconds
strict,0,ok,True,211913,160694,16.15
strict,1,ok,True,634186,472491,44.88
strict,2,ok,True,315839,192223,23.08
strict,3,ok,True,253055,169416,18.84
strict,4,ok,True,143991,120573,10.1
strict,5,ok,True,530473,429171,37.95
strict,6,ok,True,9253,2343,0.7
strict,7,ok,True,894544,376778,65.97
strict,8,ok,True,1058183,320531,78.96
strict,9,ok,True,159781,111573,11.51
strict,10,ok,True,1094537,759282,86.04
strict,11,ok,True,538405,235957,43.6
strict,12,ok,True,9467,1879,0.82
strict,13,ok,True,339062,75276,27.5
strict,14,capped,False,5000000,1645,360.47
strict,15,ok,True,860471,316843,70.75
strict,16,ok,True,647770,625252,54.15
strict,17,ok,True,652408,548120,54.05
strict,18,ok,True,919410,807273,61.14
strict,19,ok,True,58328,51377,4.83
weak,0,ok,True,9098,7916,0.6
weak,1,ok,True,35020,34143,2.33
weak,2,ok,True,3232,2320,0.31
weak,3,ok,True,1660,480,0.13
weak,4,ok,True,34663,33637,2.2
weak,5,ok,True,22125,21182,1.43
weak,6,ok,True,4736,3701,0.34
weak,7,ok,True,23065,21575,1.61
weak,8,ok,True,6032,4788,0.41
weak,9,ok,True,3108,2219,0.25
weak,10,ok,True,469709,435217,33.55
weak,11,ok,True,7077,6078,0.52
weak,12,ok,True,2489,1011,0.2
weak,13,ok,True,3758,901,0.32
weak,14,ok,True,3366,2230,0.29
weak,15,ok,True,3250,2193,0.26
weak,16,ok,True,29981,29036,2.26
weak,17,ok,True,5471,4407,0.44
weak,18,ok,True,4112,3118,0.34
weak,19,ok,True,38168,37115,2.66
